,DFI,bad,good,sample,zimg_name
0,0.11786790524767456,50323.734375,376626.5390625,S1,BF000
1,0.2373455106390451,71437.0546875,229546.328125,S1,BF000
2,0.0893223093642158,41052.7734375,418549.9140625,S1,BF000
3,0.1044883133779808,54671.75,468561.40625,S1,BF000
4,0.09083663088505398,44179.078125,442178.4375,S1,BF000
5,0.08528770889768238,43431.453125,465803.15625,S1,BF000
6,0.09662212692803464,52992.8984375,495462.203125,S1,BF000
7,0.08727475280627299,38900.96875,406828.953125,S1,BF000
8,0.09550726716787547,63610.25,602414.984375,S1,BF000
9,0.07426567869350663,35388.109375,441118.8046875,S1,BF000
10,0.08267529722334843,55154.8203125,611970.9375,S1,BF000
11,0.0992258402809984,57450.234375,521534.375,S1,BF000
12,0.08218967073114013,41651.984375,465126.8359375,S1,BF000
13,0.12573453452406286,48451.9453125,336899.1875,S1,BF000
14,0.1028513434687677,52078.734375,454270.84375,S1,BF000
15,0.11047649426565012,56919.5,458298.6953125,S1,BF000
16,0.09646049195176594,29986.75,280884.046875,S1,BF001
17,0.08693809440867789,30903.453125,324561.5859375,S1,BF001
18,0.09686301767297653,29429.578125,274397.1953125,S1,BF001
19,0.09434818888480548,30981.609375,297393.6328125,S1,BF001
20,0.09173646610500284,34997.7578125,346505.46875,S1,BF001
21,0.1049628206364044,50335.0625,429216.2890625,S1,BF001
22,0.0940770539510035,49658.03125,478186.2109375,S1,BF001
23,0.09988147721865982,46660.9921875,420502.625,S1,BF001
24,0.07968621456764845,42629.9296875,492342.5234375,S1,BF001
25,0.09937019051854963,72769.8828125,659541.109375,S1,BF001
26,0.10142699915081747,65305.1640625,578558.546875,S1,BF001
27,0.0890705475317749,48453.828125,495540.0,S1,BF001
28,0.07809116837873815,47084.5703125,555859.03125,S1,BF001
29,0.10703848886822498,46997.46875,392073.2734375,S1,BF001
30,0.07680113183799032,39993.875,480752.03125,S1,BF001
31,0.11920760089937167,19877.671875,146870.6875,S1,BF001
32,0.09595651481036407,37238.015625,350833.765625,S1,BF002
33,0.09515527211704618,35758.578125,340033.296875,S1,BF002
34,0.10770791429820724,36804.8671875,304905.09375,S1,BF002
35,0.09537722482380558,38600.734375,366115.7421875,S1,BF002
36,0.10860787864584442,49782.5,408586.640625,S1,BF002
37,0.09562889552354824,38136.8125,360663.28125,S1,BF002
38,0.0922503673610285,41380.25,407184.359375,S1,BF002
39,0.09206633499357604,35760.890625,352664.375,S1,BF002
40,0.07469389101675028,43353.328125,537059.9765625,S1,BF002
41,0.09717625553062396,51665.046875,479998.234375,S1,BF002
42,0.08705770862057706,50064.859375,525011.8359375,S1,BF002
43,0.07604784746349283,36875.625,448024.6875,S1,BF002
44,0.10288911346223688,25935.0,226132.484375,S1,BF002
45,0.08138488127670908,24226.125,273447.40625,S1,BF002
46,0.07874734044147774,50586.875,591807.8359375,S1,BF002
47,0.10118568517067036,73312.5625,651222.359375,S1,BF002
48,0.12153951777616599,40589.25,293370.03125,S1,BF003
49,0.09610547829977333,25302.5234375,237976.15625,S1,BF003
50,0.10867035540445626,48470.96875,397565.75,S1,BF003
51,0.09460354637259312,41868.625,400700.671875,S1,BF003
52,0.08412775965412418,41612.890625,453026.34375,S1,BF003
53,0.28440982340434706,67041.0546875,168678.84375,S1,BF003
54,0.11260963536832275,35249.171875,277771.75,S1,BF003
55,0.08821718644973263,34148.59375,352948.2421875,S1,BF003
56,0.07270895068033748,28083.09375,358156.75,S1,BF003
57,0.07698358561538944,33332.9453125,399654.75,S1,BF003
58,0.10069769585546412,66825.421875,596798.71875,S1,BF003
59,0.10499821400698656,55423.1875,472425.671875,S1,BF003
60,0.08606087218541503,46309.03125,491787.203125,S1,BF003
61,0.07732065904940359,46658.8671875,556787.453125,S1,BF003
62,0.0760883378344816,44072.875,535160.109375,S1,BF003
63,0.1124329695337218,64468.875,508929.4375,S1,BF003
64,0.11015154850387626,60161.7578125,486010.84375,S1,BF003
65,0.0946770177246074,50191.03125,479937.953125,S1,BF003
66,0.07938099569901505,41288.8515625,478846.3671875,S1,BF003
67,0.07641648698143624,40953.109375,494966.703125,S1,BF003
68,0.07826854795951736,41470.03125,488372.828125,S1,BF003
69,0.08345541358788777,39025.9140625,428600.0,S1,BF003
70,0.09436765588282248,42273.96875,405696.984375,S1,BF003
71,0.08170347014296164,32530.9375,365627.640625,S1,BF003
72,0.08399983198712821,44121.53125,481135.84375,S1,BF003
73,0.10737283054248427,50482.21875,419676.0,S1,BF003
74,0.07741534106437628,37354.7890625,445169.5859375,S1,BF003
75,0.08302248907146996,36945.65625,408062.15625,S1,BF003
76,0.08970712343800277,46100.859375,467803.25,S1,BF003
77,0.08497166937638201,40879.109375,440211.9375,S1,BF003
78,0.10428397614241004,50865.15625,436891.046875,S1,BF003
79,0.089874125010103,47076.4296875,476727.609375,S1,BF003
80,0.08499734596298443,39748.125,427891.4765625,S1,BF003
81,0.07611766171470097,41033.7421875,498049.3203125,S1,BF003
82,0.11538116695358755,26340.9453125,201954.0703125,S1,BF004
83,0.1071005092652684,35068.1875,292364.3125,S1,BF004
84,0.0394762919892396,11639.75,283214.4375,S1,BF004
85,0.12435505696902086,18810.0625,132450.875,S1,BF004
86,0.08962074749351802,25611.8984375,260169.0078125,S1,BF004
87,0.08616363016118639,30049.0625,318695.09375,S1,BF004
88,0.07808002985498225,16339.1484375,192922.40625,S1,BF004
89,0.10866786014511744,27264.671875,223634.4609375,S1,BF004
90,0.08676804512959954,46383.96875,488190.3515625,S1,BF004
91,0.08486661271688513,36401.75,392527.234375,S1,BF004
92,0.08974329946142748,34681.28125,351768.53125,S1,BF004
93,0.0897117000562362,47434.234375,481306.546875,S1,BF004
94,0.0923898472429383,24097.7890625,236729.453125,S1,BF004
95,0.0726678166646181,30359.6015625,387426.46875,S1,BF004
96,0.07308284405325008,25740.1328125,326464.7265625,S1,BF004
97,0.07982047010462084,22187.0625,255775.0,S1,BF004
98,0.08392264366500876,31257.03125,341193.4765625,S1,BF004
99,0.07223367262996827,30628.5625,393392.0,S1,BF004
100,0.3014464647266598,70716.8984375,163875.0,S1,BF004
101,0.09853552820277478,56938.984375,520913.34375,S1,BF004
102,0.08212900635663345,45369.703125,507050.265625,S1,BF004
103,0.08010186755929173,39643.0,455264.3125,S1,BF004
104,0.16120552657063555,34230.3046875,178109.21875,S1,BF004
105,0.07365472073532403,38256.53125,481147.125,S1,BF004
106,0.07321081166405834,42669.375,540159.5,S1,BF004
107,0.08565705740611307,43472.8671875,464049.4375,S1,BF004
108,0.14006396148382294,34283.984375,210489.7890625,S1,BF004
109,0.1161492907380038,28353.578125,215759.6484375,S1,BF005
110,0.1603594585445433,36960.3984375,193524.28125,S1,BF005
111,0.0855601607005941,43393.203125,463772.78125,S1,BF005
112,0.15668446185714258,62761.8046875,337799.9609375,S1,BF005
113,0.09229392310194046,37357.515625,367409.28125,S1,BF005
114,0.08586773930769978,26470.0703125,281795.53125,S1,BF005
115,0.08108662808322901,26862.609375,304420.2421875,S1,BF005
116,0.10145755752306904,31823.7109375,281841.546875,S1,BF005
117,0.10177149186318428,51065.375,450699.6484375,S1,BF005
118,0.1045034090715518,56507.6328125,484217.625,S1,BF005
119,0.12358269904062252,37371.4921875,265029.1875,S1,BF005
120,0.08723188992310807,40146.1875,420077.5625,S1,BF006
121,0.1272428903929301,61148.8046875,419418.75,S1,BF006
122,0.09664793849901697,47213.53125,441296.953125,S1,BF006
123,0.10260038056818303,47519.15625,415628.796875,S1,BF006
124,0.0964500444810514,40871.515625,382886.875,S1,BF006
125,0.15142710023296152,55303.078125,309909.4765625,S1,BF006
126,0.09221107283094994,55648.3515625,547840.46875,S1,BF006
127,0.0941616490127533,49332.1640625,474577.140625,S1,BF006
128,0.0942571427283134,41808.15625,401746.09375,S1,BF006
129,0.09427312900316022,43092.34375,414008.6796875,S1,BF006
130,0.10236585350061483,59040.125,517715.921875,S1,BF006
131,0.17576228792793494,69389.3515625,325401.546875,S1,BF006
132,0.08594007519952072,44862.2265625,477155.3125,S1,BF006
133,0.08828659555757855,45435.609375,469202.078125,S1,BF006
134,0.11097226710358883,57902.5390625,463872.3203125,S1,BF006
135,0.09080204009269474,45909.0,459685.3671875,S1,BF006
136,0.09207931345314987,44746.453125,441209.09375,S1,BF006
137,0.08505388417998216,50594.0,544252.4375,S1,BF006
138,0.08918397532993921,41896.84375,427883.109375,S1,BF006
139,0.10865133857237126,62259.59375,510762.28125,S1,BF006
140,0.09122428044491293,59244.9140625,590197.46875,S1,BF006
141,0.09016302925749654,29418.359375,296861.265625,S1,BF007
142,0.10121109517091034,27717.0,246136.375,S1,BF007
143,0.09924358363230387,50930.28125,462254.34375,S1,BF007
144,0.09929433772513814,50903.46875,461748.8125,S1,BF007
145,0.08677639700420256,42048.375,442511.671875,S1,BF007
146,0.0896608061655878,40843.765625,414692.6875,S1,BF007
147,0.09775014329279556,52443.203125,484059.3671875,S1,BF007
148,0.08116336897130827,37744.78125,427302.21875,S1,BF007
149,0.10368241832612328,33435.0,289040.1171875,S1,BF007
150,0.09067601239396532,32991.0,330842.8203125,S1,BF007
151,0.09449010208176696,41005.1875,392957.59375,S1,BF007
152,0.08991053762289468,50904.515625,515264.0,S1,BF007
153,0.07789603887318547,43905.609375,519738.0625,S1,BF007
154,0.10348514205312864,53510.8515625,463576.4375,S1,BF007
155,0.08676958599941925,37635.2890625,396102.96875,S1,BF007
156,0.0879897921371887,40124.1171875,415884.65625,S1,BF007
157,0.1026929740007138,35217.9609375,307726.25,S1,BF007
158,0.09267190397139907,39671.0625,388409.734375,S1,BF008
159,0.09007835670104634,44710.65625,451642.2734375,S1,BF008
160,0.08822117049275102,43364.2265625,448175.6875,S1,BF008
161,0.0857150739884391,48155.2421875,513650.75,S1,BF008
162,0.10276898765083176,37816.4375,330158.75,S1,BF008
163,0.13179811318307022,45876.890625,302207.6875,S1,BF008
164,0.0943830181662632,32724.25,313993.3125,S1,BF008
165,0.09534005648708824,35194.21875,333949.875,S1,BF008
166,0.08808497567842978,30378.125,314494.8203125,S1,BF008
167,0.1005436064737767,45599.171875,407927.1484375,S1,BF008
168,0.1050276696775236,58576.703125,499149.6875,S1,BF008
169,0.0889080910554875,29114.2109375,298349.921875,S1,BF009
170,0.08850429231736742,31431.765625,323712.203125,S1,BF009
171,0.08456907363938759,27739.6875,300272.5078125,S1,BF009
172,0.08913505047722313,20664.203125,211166.0703125,S1,BF009
173,0.11078748545103727,39641.59375,318174.9375,S1,BF009
174,0.09585484096931893,56238.0,530461.6328125,S1,BF009
175,0.10282765913704156,55052.515625,480333.7421875,S1,BF009
176,0.07607045312802425,28463.40625,345708.234375,S1,BF009
177,0.07930604812334874,27965.0703125,324657.09375,S1,BF009
178,0.09209108931712494,38166.7109375,376278.5,S1,BF009
179,0.09068873649284627,31817.15625,319021.9609375,S1,BF009
180,0.085198720234099,35939.3828125,385890.6953125,S1,BF009
181,0.09994622710078012,40012.2890625,360325.875,S1,BF009
182,0.1248189313003293,40468.09375,283746.296875,S1,BF009
183,0.09422674265042974,32458.59375,312014.671875,S1,BF009
184,0.08726298097047723,39139.78125,409386.96875,S1,BF009
185,0.11030623290930498,34475.9140625,278071.375,S1,BF009
186,0.08394222750007863,17660.1875,192724.8359375,S1,BF010
187,0.08499963892994987,34539.1171875,371805.1640625,S1,BF010
188,0.09683449741497416,35857.203125,334436.484375,S1,BF010
189,0.08459017669223008,29144.15625,315389.421875,S1,BF010
190,0.07796255075467431,30065.5,355574.78125,S1,BF010
191,0.09021585117192556,38235.015625,385582.03125,S1,BF010
192,0.08615476949290478,30369.90625,322134.15625,S1,BF010
193,0.09962935226272704,32670.7109375,295251.8359375,S1,BF010
194,0.08317535413705539,34122.46875,376124.8828125,S1,BF010
195,0.07354746605497385,15327.328125,193073.1640625,S1,BF010
196,0.12845716495496046,40816.375,276926.703125,S1,BF010
197,0.10825917001577916,19688.625,162177.03125,S1,BF010
198,0.08884738825474481,14467.5859375,148368.78125,S1,BF010
199,0.08926618273810454,39530.2890625,403305.8203125,S1,BF010
200,0.08478712053409804,12871.40625,138937.1015625,S1,BF010
201,0.08520169372455068,15999.609375,171785.5,S1,BF010
202,0.08112482793071381,19743.1015625,223623.84375,S1,BF010
203,0.10883795537655773,30469.59375,249484.15625,S1,BF010
204,0.082805868930117,30566.7734375,338570.9921875,S1,BF010
205,0.07090475702511623,17714.71875,232123.5078125,S1,BF010
206,0.09061907817077816,38996.09375,391333.75,S1,BF010
207,0.08572925114735926,21219.6875,226300.1171875,S1,BF011
208,0.07716747717392271,23869.65625,285453.09375,S1,BF011
209,0.08716560684088412,25758.7109375,269755.90625,S1,BF011
210,0.0928480719208526,35147.78125,343403.765625,S1,BF011
211,0.0811423771773645,27792.0546875,314717.6875,S1,BF011
212,0.337678781651262,50187.625,98437.71875,S1,BF011
213,0.10903646476925877,30356.2109375,248048.0,S1,BF011
214,0.07937464902182517,24130.3125,279874.96875,S1,BF011
215,0.07566635946038128,19550.4375,238826.4375,S1,BF011
216,0.10169883712562766,36678.640625,323980.75,S1,BF011
217,0.0894742811879464,41105.75,418308.390625,S1,BF012
218,0.10428298175980286,47859.9453125,411083.0625,S1,BF012
219,0.09261165128020148,38014.5078125,372457.6875,S1,BF012
220,0.08531917030536426,36873.375,395308.21875,S1,BF012
221,0.0885281046004629,49171.8125,506265.5,S1,BF012
222,0.08400265406285025,43280.203125,471944.03125,S1,BF012
223,0.08652341331497035,35444.796875,374210.7578125,S1,BF012
224,0.08479784300129194,46222.125,498863.96875,S1,BF012
225,0.08357297676366547,36793.5390625,403462.875,S1,BF013
226,0.07954651888799724,35617.1875,412135.75,S1,BF013
227,0.09679218702287457,38750.4375,361596.3125,S1,BF014
228,0.1054930974498128,31949.78125,270911.5625,S1,BF014
229,0.07890162733287563,34412.703125,401734.234375,S1,BF014
230,0.0939627521042091,31926.515625,307851.90625,S1,BF014
231,0.08643265952418801,47308.875,500040.6484375,S1,BF014
232,0.08802249515028984,48381.234375,501265.015625,S1,BF014
233,0.09088779412751666,48890.3671875,489029.6875,S1,BF014
234,0.08339477820553781,43129.140625,474039.21875,S1,BF014
235,0.2835042945399482,59467.1875,150290.4375,S1,BF014
236,0.08753347590525146,51441.2265625,536233.671875,S1,BF014
237,0.09167992169502016,48106.9453125,476620.21875,S1,BF014
238,0.0898233308555774,36002.65625,364813.65625,S1,BF014
239,0.08744218092449027,41126.0859375,429197.109375,S1,BF015
240,0.08690483438143122,36400.4375,382453.5625,S1,BF015
241,0.08425433849136134,36502.9453125,396744.125,S1,BF015
242,0.09649578398446147,45908.140625,429844.671875,S1,BF015
243,0.0909670285017118,44997.25,449657.25,S1,BF015
244,0.09413292542320573,37515.3125,361020.1875,S1,BF015
245,0.08513734949066669,40431.6015625,434466.921875,S1,BF015
246,0.08591097648193224,36639.765625,389845.5,S1,BF015
247,0.08172999785523814,39613.203125,445070.5625,S1,BF015
248,0.08628245117900142,45010.21875,476651.1171875,S1,BF015
249,0.08587910868428236,40398.625,430014.09375,S1,BF016
250,0.09636145082543622,35918.71875,336831.15625,S1,BF016
251,0.10039926021147373,38315.7265625,343317.828125,S1,BF016
252,0.09788048835499676,39663.828125,365563.2890625,S1,BF016
253,0.08421967571854133,42520.6015625,462356.6875,S1,BF016
254,0.08838296046302678,51230.28125,528409.515625,S1,BF016
255,0.08809050007604961,35826.765625,370877.3125,S1,BF016
256,0.09368690471050044,35494.96875,343373.015625,S1,BF016
257,0.08414150913605556,57954.0,630814.25,S1,BF016
258,0.08195160566130237,47660.6875,533910.4375,S1,BF016
259,0.07870486493770243,12776.8125,149561.46875,S1,BF017
260,0.08731917089196617,29304.2578125,306295.1015625,S1,BF017
261,0.08919115988605568,33865.65625,345831.796875,S1,BF017
262,0.09551797818509172,58092.6015625,550092.3984375,S1,BF017
263,0.10142689000126244,36680.5625,324964.78125,S1,BF017
264,0.09343647762720723,67927.125,659060.09375,S1,BF017
265,0.08838346272245412,48435.2734375,499577.578125,S1,BF017
266,0.09537338521708953,53661.8359375,508988.171875,S1,BF017
267,0.09632668727672647,59093.984375,554380.703125,S1,BF017
268,0.08413307359902247,44243.7265625,481634.203125,S1,BF017
269,0.07831226494229727,26644.328125,313587.5390625,S1,BF017
270,0.08948915578046797,52277.875,531903.2421875,S1,BF017
271,0.09765633186500614,35821.7890625,330993.0234375,S1,BF018
272,0.08860563851184916,40228.53125,413789.203125,S1,BF018
273,0.0908522638088537,28302.8515625,283223.25,S1,BF018
274,0.07950604646413964,24444.171875,283006.3046875,S1,BF018
275,0.08300876037858004,37709.953125,416578.8828125,S1,BF018
276,0.07762757704064267,26706.0625,317321.96875,S1,BF018
277,0.08085194485965158,37369.9609375,424832.4140625,S1,BF018
278,0.08252030852843377,35346.3125,392988.3984375,S1,BF018
279,0.0820564301557484,33701.4765625,377009.5,S1,BF018
280,0.09293363353971187,33133.5390625,323395.5,S1,BF018
281,0.13953106156031542,55030.6484375,339366.46875,S1,BF018
282,0.09179449952153958,42720.46875,422672.0,S1,BF018
283,0.08485584448078562,21016.4140625,226655.5546875,S1,BF019
284,0.08938712000721026,26111.6328125,266006.8828125,S1,BF019
285,0.08668452916582299,25345.671875,267044.125,S1,BF019
286,0.09075021261948243,35369.359375,354374.734375,S1,BF019
287,0.08476580245101419,37775.4765625,407869.765625,S1,BF019
288,0.0825525481921,39721.7109375,441447.09375,S1,BF019
289,0.08924087886649154,42916.0,437984.6875,S1,BF019
290,0.08350944649358275,44754.5,491166.90625,S1,BF019
291,0.09907492702304987,28746.53125,261402.875,S1,BF020
292,0.0947347930459304,29542.171875,282298.609375,S1,BF020
293,0.08219504651667099,36126.90625,403399.65625,S1,BF020
294,0.09099560564042446,35081.1875,350444.984375,S1,BF020
295,0.08953606241202934,45583.578125,463525.0078125,S1,BF020
296,0.08547444120740537,42602.5703125,455822.1015625,S1,BF020
297,0.08155221094620535,51415.109375,579041.2421875,S1,BF020
298,0.08124872187699986,48225.984375,545333.9296875,S1,BF020
299,0.07876115238635344,43742.2734375,511636.515625,S1,BF020
300,0.08071475450111347,33428.65625,380729.28125,S1,BF020
301,0.08293239092653243,43161.375,477279.125,S1,BF020
302,0.0992648770940274,59849.625,543078.890625,S1,BF020
303,0.08769490790194298,47846.0546875,497750.671875,S1,BF020
304,0.0958449147316179,56666.890625,534568.34375,S1,BF020
305,0.0968898339826281,37161.625,346383.515625,S1,BF021
306,0.094066474436081,46072.046875,443709.75,S1,BF021
307,0.08648364793746953,46366.5234375,489764.0,S1,BF021
308,0.08997076297313647,51110.875,516972.28125,S1,BF021
309,0.08657221220370001,57749.125,609313.9375,S1,BF021
310,0.0869729017289254,47325.625,496816.5625,S1,BF021
311,0.09013485660676424,52817.75,533168.09375,S1,BF021
312,0.1483168299097179,43471.96875,249630.09375,S1,BF022
313,0.10317025475990192,38198.65625,332050.078125,S1,BF022
314,0.12153526762473382,37285.15625,269499.5078125,S1,BF022
315,0.0975227797290644,48083.6796875,444967.0703125,S1,BF022
316,0.0948470868724724,59925.015625,571881.5859375,S1,BF022
317,0.09625685044141197,51397.8515625,482567.796875,S1,BF022
318,0.0938253048059747,57263.375,553055.71875,S1,BF022
319,0.0891677372309714,59384.0,606596.7890625,S1,BF022
320,0.08574950947360985,45291.125,482888.28125,S1,BF022
321,0.08670791488666409,40048.8515625,421833.453125,S1,BF022
322,0.08393195913635405,47459.765625,517995.46875,S1,BF022
323,0.17212114395471328,63531.7578125,305578.953125,S1,BF022
324,0.08916172311794375,45465.453125,464455.75,S1,BF022
325,0.09434240900133256,49540.25,475570.890625,S1,BF022
326,0.10108845071457076,56770.140625,504818.6484375,S1,BF022
327,0.09409541987123056,61510.390625,592191.890625,S1,BF022
328,0.10343279762728788,36984.0,320581.5,S1,BF023
329,0.1490148263792422,40755.25,232742.703125,S1,BF023
330,0.10167486282612502,45121.109375,398657.3046875,S1,BF023
331,0.08888174094148373,47765.203125,489636.546875,S1,BF023
332,0.0957902509758584,43556.1953125,411147.6484375,S1,BF023
333,0.10422468101993836,60010.15625,515766.671875,S1,BF023
334,0.08037663020557176,40868.9375,467598.9765625,S1,BF023
335,0.10621932371425286,42681.125,359139.59375,S1,BF023
336,0.10309795825274168,46082.21875,400892.8671875,S1,BF023
337,0.08680267408906588,47518.9453125,499917.4765625,S1,BF023
338,0.08981786654732166,45235.3671875,458399.03125,S1,BF023
339,0.12030784415282182,43683.5,319414.1875,S1,BF023
340,0.09640515490500533,35360.234375,331427.5625,S1,BF024
341,0.1042438399069626,39439.875,338902.625,S1,BF024
342,0.08947186434857568,45416.140625,462186.34375,S1,BF024
343,0.10519155366817594,59410.3125,505371.84375,S1,BF024
344,0.08443869154961696,45370.09375,491943.9375,S1,BF024
345,0.09067053370927307,41790.8515625,419118.0,S1,BF024
346,0.20677570211849128,31880.59375,122299.0,S1,BF025
347,0.10174355005126946,36030.0546875,318096.125,S1,BF025
348,0.09308857547777444,27339.375,266352.6796875,S1,BF025
349,0.09277832189250536,33848.640625,330984.8671875,S1,BF025
350,0.09611449809550583,28793.90625,270785.3125,S1,BF025
351,0.09256594479030016,23057.859375,226038.7109375,S1,BF025
352,0.09618308853284628,32062.9609375,301290.453125,S1,BF025
353,0.08274406230380392,23728.1171875,263037.078125,S1,BF025
354,0.09193518143738376,37186.03125,367294.9375,S1,BF025
355,0.09074827921043598,42139.1796875,422213.203125,S1,BF025
356,0.08256143415972751,48369.625,537492.59375,S1,BF025
357,0.09376736170893674,50121.03125,484404.3125,S1,BF025
358,0.09248474604839932,50393.734375,494493.25,S1,BF025
359,0.0960479407820856,44433.46875,418184.140625,S1,BF025
360,0.09233130628895377,28630.609375,281455.0,S1,BF026
361,0.08781442373173177,33777.59375,350869.8515625,S1,BF026
362,0.08557906717716869,42586.453125,455040.53125,S1,BF026
363,0.0823421009579293,32275.2421875,359690.0078125,S1,BF026
364,0.08895331038774777,46346.03125,474669.21875,S1,BF026
365,0.08901299986808163,47433.390625,485448.21875,S1,BF026
366,0.09491204078583758,47801.78125,455841.1796875,S1,BF026
367,0.08981495431909259,45435.90625,460447.625,S1,BF026
368,0.09454396275343116,43068.7421875,412473.21875,S1,BF026
369,0.10371921189606684,50027.0625,432304.625,S1,BF027
370,0.08663716079410325,48473.203125,511023.46875,S1,BF027
371,0.13284792626229247,57524.859375,375487.9921875,S1,BF027
372,0.09160209862431744,56236.2265625,557682.3125,S1,BF027
373,0.0882637720627376,55985.984375,578317.1171875,S1,BF027
374,0.08145274213319828,45671.4453125,515039.515625,S1,BF027
375,0.09038980713882157,45121.25,454063.90625,S1,BF027
376,0.09672569363987536,45092.46875,421096.6796875,S1,BF027
377,0.08353316874658961,37288.328125,409101.15625,S1,BF028
378,0.08778567726777015,33145.84375,344431.0546875,S1,BF028
379,0.37399667281049376,40193.9921875,67277.53125,S1,BF028
380,0.08526663218566144,35555.0625,381431.765625,S1,BF028
381,0.0853095185878029,38309.09375,410750.921875,S1,BF028
382,0.07980214430814582,37081.2421875,427583.4921875,S1,BF028
383,0.08469614252089447,36482.9375,394267.9375,S1,BF029
384,0.1012398823299926,60651.328125,538434.0,S1,BF029
385,0.0826373279059371,43558.3046875,483543.7421875,S1,BF029
386,0.08885709508162334,47007.828125,482019.4609375,S1,BF030
387,0.09163274342473277,38532.7734375,381980.375,S1,BF030
388,0.0914372512049344,49613.8125,492985.75,S1,BF030
389,0.08528922989648607,43875.3671875,470554.96875,S1,BF030
390,0.08997936398161632,50467.140625,510407.46875,S1,BF030
391,0.08265841315484437,37714.171875,418551.203125,S1,BF030
392,0.08206975008872391,33191.65625,371240.625,S1,BF030
393,0.08842246161814384,42538.9140625,438548.28125,S1,BF030
394,0.08445344697068867,42136.046875,456790.265625,S1,BF030
395,0.08784373970229957,48437.640625,502969.21875,S1,BF030
396,0.08382948088691834,48737.046875,532646.09375,S1,BF030
397,0.08305386199804261,44396.2109375,490151.0078125,S1,BF030
398,0.08442548874438932,55868.0546875,605875.875,S1,BF030
399,0.08013379978052795,60020.71875,688985.5546875,S1,BF030
400,0.08065479246544577,37334.21875,425554.8125,S1,BF030
401,0.08662322374435055,42502.2890625,448154.6875,S1,BF030
402,0.0958481586433077,45715.6171875,431243.125,S1,BF030
403,0.08550894860040083,44391.28125,474750.65625,S1,BF030
404,0.10095702440647386,31059.3828125,276590.1640625,S1,BF031
405,0.09356762755402537,35372.4375,342668.96875,S1,BF031
406,0.08011926295781177,29791.21875,342044.6875,S1,BF031
407,0.2455574939557829,55461.203125,170397.1171875,S1,BF031
408,0.1036193823349475,47993.203125,415175.0,S1,BF031
409,0.09634805876377316,34950.828125,327805.0859375,S1,BF031
410,0.0877603316148435,50105.96875,520835.0,S1,BF031
411,0.08080148158994717,38057.96875,432947.859375,S1,BF031
412,0.10891031600174413,41646.7109375,340747.8359375,S1,BF031
413,0.09362640604434294,34792.109375,336813.625,S1,BF031
414,0.08055835874532281,41206.25,470301.8125,S1,BF031
415,0.3955319369980818,64216.4609375,98138.21875,S1,BF031
416,0.08496551037053086,34113.34375,367383.0234375,S1,BF031
417,0.0815454668475632,49987.375,563012.671875,S1,BF031
418,0.08549569970102755,69407.5390625,742417.375,S1,BF031
419,0.0888838135039639,56898.109375,583242.171875,S1,BF031
420,0.0974489440587502,44283.34375,410142.7578125,S1,BF031
421,0.0981416247403199,34484.890625,316893.953125,S1,BF032
422,0.09756614346901143,33887.96875,313445.3125,S1,BF032
423,0.08737498107984189,38956.109375,406893.59375,S1,BF032
424,0.08858080864881833,32169.46875,330995.75,S1,BF032
425,0.08576722985608334,41650.25,443969.375,S1,BF032
426,0.08439525224975053,46313.953125,502460.4375,S1,BF032
427,0.10088841993807653,52361.078125,466638.8046875,S1,BF032
428,0.09981636889551096,58806.2109375,530337.75,S1,BF032
429,0.09591611632694064,54147.125,510378.703125,S1,BF032
430,0.08647514754299625,50581.8046875,534347.0,S1,BF032
431,0.08029599000780455,43023.046875,492782.625,S1,BF032
432,0.0827711238981517,43696.21875,484220.0,S1,BF032
433,0.08451564403625092,46785.078125,506782.0,S1,BF032
434,0.08158925258771757,45230.6875,509139.96875,S1,BF032
435,0.09036382689221008,42147.5625,424273.171875,S1,BF032
436,0.09061087262760732,33287.828125,334083.40625,S1,BF033
437,0.08990266127857052,40630.7421875,411310.7421875,S1,BF033
438,0.09207107953367936,61128.15625,602795.375,S1,BF033
439,0.09501372870958533,35160.125,334892.9765625,S1,BF033
440,0.09695459660287796,33973.9609375,316437.078125,S1,BF033
441,0.09098624053429563,35209.5625,351767.21875,S1,BF033
442,0.09401368890528147,32817.7109375,316256.0390625,S1,BF033
443,0.09930245328167656,43679.03125,396179.5,S1,BF033
444,0.09050161513118248,35854.5,360320.75,S1,BF033
445,0.10199665209440223,45505.921875,400645.2109375,S1,BF033
446,0.10028997486141993,33765.6875,302914.8984375,S1,BF033
447,0.08879248531528974,26470.265625,271643.5390625,S1,BF033
448,0.07745912539623435,44424.875,529101.8046875,S1,BF033
449,0.08032862343603978,40313.0,461538.0,S1,BF033
450,0.08356274548459433,49950.25,547807.15625,S1,BF033
451,0.08603734367748071,48441.0625,514582.625,S1,BF033
452,0.0886616345116115,41240.25,423901.75,S1,BF034
453,0.08344798803386459,33491.09375,367849.84375,S1,BF034
454,0.08585710876809315,44176.9140625,470363.0546875,S1,BF034
455,0.09001875723883444,50581.890625,511322.0078125,S1,BF034
456,0.08610101438955624,43062.8203125,457080.1875,S1,BF034
457,0.07980931824419607,40389.4140625,465684.5,S1,BF034
458,0.08018751639944376,44849.6328125,514459.78125,S1,BF034
459,0.07628456378333733,46430.3828125,562216.7734375,S1,BF034
460,0.08003213770098103,44985.5,517107.4453125,S1,BF034
461,0.08456869227348268,68812.4765625,744874.890625,S1,BF034
462,0.0778252173596355,45676.875,541239.25,S1,BF034
463,0.0785067414961381,33320.75,391110.953125,S1,BF034
464,0.07954700779558041,38305.375,443238.5078125,S1,BF034
465,0.08062883939759992,43285.921875,493568.1640625,S1,BF034
466,0.09864443206643668,63607.984375,581212.84375,S1,BF034
467,0.10506546456672694,40786.6875,347415.921875,S1,BF035
468,0.08774805000709109,36359.5,378002.984375,S1,BF035
469,0.09554262488808912,41593.90625,393750.0703125,S1,BF035
470,0.08324283657615031,41582.1875,457946.53125,S1,BF035
471,0.08849082509223444,46804.6875,482116.671875,S1,BF035
472,0.10414507359291954,39324.8828125,338272.265625,S1,BF035
473,0.09305976799548517,30190.25,294227.6015625,S1,BF035
474,0.08988732943082088,30012.1328125,303874.0,S1,BF035
475,0.08365083217499676,48996.15625,536726.125,S1,BF035
476,0.0790792912797413,46690.6796875,543737.9765625,S1,BF035
477,0.08396236188699534,47860.625,522164.1328125,S1,BF035
478,0.08406708809161632,48499.6015625,528415.84375,S1,BF035
479,0.08470877008370283,37779.421875,408212.4375,S1,BF036
480,0.08926186367347691,30863.421875,314899.265625,S1,BF036
481,0.08636244887514019,29434.28125,311388.3984375,S1,BF036
482,0.08287764453436004,39542.4140625,437575.5625,S1,BF036
483,0.08283478450776252,38249.3125,423504.921875,S1,BF036
484,0.08473114878263763,50626.3046875,546867.125,S1,BF036
485,0.0852516264083161,51086.515625,548157.3671875,S1,BF036
486,0.09201915974203052,29904.078125,295072.5703125,S1,BF036
487,0.07954456668439794,40643.75,470311.953125,S1,BF036
488,0.13168933231337734,31738.875,209274.3828125,S1,BF036
489,0.07723788917863746,39359.140625,470224.1875,S1,BF036
490,0.07863271700821116,43326.1171875,507667.3984375,S1,BF036
491,0.08379099052817324,46973.921875,513634.34375,S1,BF036
492,0.09255132325639856,57354.15625,562346.9375,S1,BF036
493,0.08157707199866733,53477.0,602062.5859375,S1,BF036
494,0.07304463205590024,39854.890625,505768.921875,S1,BF036
495,0.08044497259330186,48622.3203125,555794.8203125,S1,BF036
496,0.08741416017883209,42311.9453125,441728.0,S1,BF037
497,0.08986713401506796,42406.2890625,429471.328125,S1,BF037
498,0.08949289926527251,26521.34375,269830.03125,S1,BF037
499,0.09202335502801308,32929.4375,324908.390625,S1,BF037
500,0.09789313913988756,34870.671875,321340.9296875,S1,BF037
501,0.11707385660279605,33429.6796875,252113.828125,S1,BF037
502,0.08701242238608338,33013.34375,346396.203125,S1,BF037
503,0.0866246807216602,51844.0234375,546646.1875,S1,BF037
504,0.08680135349602769,55824.625,587306.1875,S1,BF037
505,0.08923622509757853,50798.0,518455.125,S1,BF037
506,0.20683622200879387,53733.625,206054.6484375,S1,BF037
507,0.09151729242057394,37928.453125,376511.8359375,S2,BF038
508,0.07895774014668111,46381.03125,541034.859375,S2,BF038
509,0.08249967391243326,38231.4375,425181.7578125,S2,BF038
510,0.07937645907239935,50959.90625,591042.859375,S2,BF038
511,0.08623458874202668,59580.34375,631329.703125,S2,BF038
512,0.07528216316788572,46115.96875,566459.0,S2,BF038
513,0.07522372015952257,42466.9453125,522075.0,S2,BF038
514,0.07171214314390799,39900.0,516491.125,S2,BF038
515,0.0842880419992083,55528.8046875,603269.328125,S2,BF038
516,0.15060590724978276,45878.546875,258747.9296875,S2,BF038
517,0.08183455792504102,51033.828125,572588.140625,S2,BF039
518,0.08480690735326125,51684.96875,557757.9453125,S2,BF039
519,0.07890036521204324,58695.671875,685225.75,S2,BF039
520,0.08616276221906045,48604.09375,515492.1875,S2,BF039
521,0.08406744580253467,42990.453125,468390.0546875,S2,BF039
522,0.071276831124129,26717.9375,348129.5,S2,BF040
523,0.07571902153385986,32596.0,397890.28125,S2,BF040
524,0.08121180304013824,42052.578125,475761.046875,S2,BF040
525,0.08507740652815804,38856.3125,417860.859375,S2,BF040
526,0.09484602746909827,43406.34375,414244.28125,S2,BF040
527,0.08297728017492076,52342.0625,578457.8671875,S2,BF040
528,0.08502845741555494,46228.9453125,497458.9765625,S2,BF040
529,0.11732758768454545,41230.1875,310180.6640625,S2,BF040
530,0.0821736232078602,46792.03125,522636.8125,S2,BF040
531,0.07526766666580112,45745.296875,562022.9375,S2,BF040
532,0.07736239444298756,43435.15625,518015.359375,S2,BF040
533,0.06835468651782582,22432.4140625,305744.265625,S2,BF040
534,0.08097502889214048,29029.4921875,329469.8203125,S2,BF040
535,0.08066880833794476,38912.21875,443457.8515625,S2,BF040
536,0.07441968840209026,29663.25,368930.8671875,S2,BF040
537,0.0891025978300415,49971.1015625,510855.4375,S2,BF041
538,0.0813493944834034,35074.9296875,396089.0625,S2,BF041
539,0.08081002102059905,43306.625,492599.9921875,S2,BF041
540,0.07988507455821425,56634.859375,652319.34375,S2,BF041
541,0.07394298473087027,49839.828125,624190.6875,S2,BF041
542,0.07688489741604028,44835.515625,538315.625,S2,BF041
543,0.08186510153712905,37308.4140625,418421.96875,S2,BF041
544,0.0803693325190494,43733.0859375,500418.328125,S2,BF042
545,0.08088217752475013,44604.203125,506867.140625,S2,BF042
546,0.08925281639965647,44438.2890625,453454.0,S2,BF042
547,0.0864495119684203,49519.1875,523291.3046875,S2,BF042
548,0.1137086851514112,31953.96875,249062.109375,S2,BF042
549,0.1016276385968316,57384.7265625,507271.96875,S2,BF042
550,0.08780875594801514,48545.203125,504306.3046875,S2,BF042
551,0.10759449415874148,53339.625,442407.1640625,S2,BF042
552,0.1142942810523419,41001.5625,317735.21875,S2,BF042
553,0.08523331316073962,42447.890625,455572.0625,S2,BF043
554,0.07526189461114761,37641.65625,462500.6328125,S2,BF043
555,0.07870929754746935,38377.875,449212.234375,S2,BF043
556,0.07974312733735296,49096.1171875,566582.234375,S2,BF043
557,0.0867553121605075,56922.203125,599201.34375,S2,BF043
558,0.07452933287438672,38290.71875,475476.375,S2,BF043
559,0.10417467887238656,40902.1171875,351728.0078125,S2,BF043
560,0.08992184222133555,53501.4609375,541475.90625,S2,BF043
561,0.08083573633098798,43920.84375,499413.6484375,S2,BF044
562,0.07847403329161774,45745.2109375,537189.15625,S2,BF044
563,0.08295775393349489,51600.9375,570413.703125,S2,BF044
564,0.08641424891720137,51202.96875,541326.265625,S2,BF044
565,0.0799953109910658,50236.8828125,577760.9609375,S2,BF044
566,0.07831309959971687,49754.9375,585578.5859375,S2,BF044
567,0.08056825182380739,52429.3203125,598314.8515625,S2,BF044
568,0.08318035907220411,42322.890625,466485.8125,S2,BF044
569,0.07823289936254348,56548.21875,666270.6875,S2,BF044
570,0.13989483569990754,62785.109375,386017.0859375,S2,BF044
571,0.08208314342651908,48169.84375,538672.25,S2,BF044
572,0.07237314137684284,34297.375,439599.078125,S2,BF044
573,0.08330447903924243,23250.71875,255854.546875,S2,BF045
574,0.07554071031403041,44832.75,548658.4921875,S2,BF045
575,0.07635197505197239,46642.65625,564247.3203125,S2,BF045
576,0.08027816902509033,42538.53125,487350.625,S2,BF045
577,0.060898120850976824,6943.7421875,107078.53125,S2,BF045
578,0.1943525234635824,54249.3359375,224879.203125,S2,BF045
579,0.07856317984943426,43341.875,508339.90625,S2,BF045
580,0.07436654308920654,47969.765625,597075.21875,S2,BF045
581,0.0808776889758785,37933.375,431088.125,S2,BF046
582,0.07797370748796376,34965.8203125,413465.0859375,S2,BF046
583,0.13964658318347448,32996.4921875,203289.21875,S2,BF046
584,0.07869882410550336,37019.8125,433378.734375,S2,BF046
585,0.06959614608523018,32978.765625,440880.3125,S2,BF046
586,0.08428461273467988,46637.1171875,506691.84375,S2,BF046
587,0.07907449743084058,38117.1875,443924.2890625,S2,BF046
588,0.14745711122566688,51848.1171875,299766.78125,S2,BF046
589,0.21105437149791054,49043.21875,183329.21875,S2,BF046
590,0.08054042921103569,43785.34375,499858.9375,S2,BF046
591,0.0898295204491596,33045.7421875,334826.0,S2,BF047
592,0.07263030543183513,35421.34375,452272.375,S2,BF047
593,0.19564168056990255,41807.3203125,171886.0,S2,BF047
594,0.07570990278719261,39926.8203125,487439.0703125,S2,BF047
595,0.07276508177389167,24794.875,315957.5078125,S2,BF047
596,0.07667775749540458,44524.0625,536140.578125,S2,BF047
597,0.07901279926126148,30618.9375,356899.765625,S2,BF047
598,0.09472934150269137,34959.796875,334089.5,S2,BF048
599,0.08986590398509987,60588.09375,613617.484375,S2,BF048
600,0.08626554333570054,51610.0859375,546659.90625,S2,BF048
601,0.08136506249143069,51406.171875,580390.453125,S2,BF048
602,0.08373424890741309,49075.0,537005.375,S2,BF048
603,0.08121174181428176,41363.5625,467966.265625,S2,BF049
604,0.08547030721030659,52170.9453125,558227.53125,S2,BF049
605,0.07185388605708325,37900.90625,489571.0,S2,BF049
606,0.07978520752917878,42490.6875,490072.7890625,S2,BF049
607,0.07458476684228386,45677.234375,566743.1875,S2,BF049
608,0.08466349512879014,62413.5,674781.4375,S2,BF049
609,0.07519002958476255,48703.3125,599033.0,S2,BF049
610,0.07181780797951573,43923.125,567667.875,S2,BF049
611,0.07735397666515953,29081.59375,346873.140625,S2,BF050
612,0.07435220016146228,36626.4375,455980.875,S2,BF050
613,0.0688700954895847,34159.3828125,461837.9375,S2,BF050
614,0.0680060368073238,23573.5546875,323065.59375,S2,BF050
615,0.07712180238316682,37645.3671875,450483.359375,S2,BF050
616,0.07536225415030003,37671.59375,462201.90625,S2,BF051
617,0.07753011040981418,51710.34375,615260.765625,S2,BF051
618,0.0976629233887158,40352.1171875,372825.328125,S2,BF051
619,0.08193739921032743,37535.625,420565.625,S2,BF051
620,0.0969417016142036,51525.21875,479982.046875,S2,BF052
621,0.1019170549337917,30163.1796875,265794.9375,S2,BF052
622,0.08387615662364441,37088.125,405089.0859375,S2,BF052
623,0.08875938736069043,51053.65625,524137.96875,S2,BF052
624,0.08047712199903137,40597.03125,463857.28125,S2,BF052
625,0.0837742512706069,45910.890625,502120.15625,S2,BF052
626,0.115991726228266,30973.6875,236059.90625,S2,BF053
627,0.08508524149446574,58027.03125,623960.0,S2,BF053
628,0.08764586370835739,39301.21875,409108.0625,S2,BF053
629,0.08180696351203215,52035.140625,584037.125,S2,BF053
630,0.0845467568855028,60511.25,655202.1875,S2,BF053
631,0.11159784953151007,43874.671875,349275.125,S2,BF053
632,0.08108898196267683,50289.21875,569884.046875,S2,BF053
633,0.08929906629924017,52832.6875,538804.9375,S2,BF053
634,0.0874253840798295,46451.53125,484876.203125,S2,BF053
635,0.09075110927623636,37283.171875,373545.65625,S2,BF054
636,0.08028354837365657,48654.21875,557375.53125,S2,BF054
637,0.08190588240263648,57564.484375,645248.09375,S2,BF054
638,0.08763795647810027,51619.1171875,537385.0,S2,BF054
639,0.07589774797572092,53130.0625,646891.53125,S2,BF054
640,0.08362634511189826,45625.59375,499963.1640625,S2,BF055
641,0.09851126957557994,39836.7421875,364550.921875,S2,BF055
642,0.09430845591756937,47235.171875,453623.1171875,S2,BF055
643,0.08482196699695586,52450.078125,565904.8125,S2,BF055
644,0.10404253292193397,33565.5078125,289047.8203125,S2,BF055
645,0.08745089547933127,44893.625,468464.46875,S2,BF055
646,0.08419342230858992,52710.9765625,573359.03125,S2,BF055
647,0.07935904453568668,52845.296875,613056.078125,S2,BF055
648,0.1236518393075184,26973.78125,191169.203125,S2,BF055
649,0.09085440039277004,44320.34375,443496.90625,S2,BF055
650,0.07912705188758179,40377.25,469906.515625,S2,BF056
651,0.07756734391092304,44226.890625,525947.2109375,S2,BF056
652,0.07922848770257772,40189.78125,467074.4921875,S2,BF056
653,0.08238830887334174,53079.578125,591181.46875,S2,BF056
654,0.08678400742904067,56224.140625,591638.78125,S2,BF056
655,0.08422934905171871,51670.796875,561782.796875,S2,BF056
656,0.08611896045993811,60224.796875,639096.1953125,S2,BF056
657,0.1202753429140903,66504.78125,486433.0,S3,BF000
658,0.11964484345447715,72271.53125,531779.0,S3,BF000
659,0.10610791250131286,41673.75,351075.0,S3,BF001
660,0.10742237165541207,64634.0,537047.0,S3,BF001
661,0.11345539909569514,70111.78125,547856.0,S3,BF001
662,0.10473867925686063,59742.0,510649.0,S3,BF001
663,0.14162492132959353,38930.0,235951.0,S3,BF002
664,0.1011042572937366,74604.8125,663295.0,S3,BF003
665,0.10101233367225143,40273.125,358422.0,S3,BF004
666,0.2021497862992246,37175.75,146726.25,S3,BF005
667,0.1401094288916387,13509.5,82911.5625,S3,BF005
668,0.0841141855428346,22731.9375,247519.0,S3,BF005
669,0.09570802397352178,26748.0,252727.0,S3,BF005
670,0.10409008316687304,65456.125,563385.0,S3,BF006
671,0.1195052794467702,67361.75,496310.0,S3,BF006
672,0.11146064115971137,50667.625,403911.0,S3,BF006
673,0.1117415085330862,32427.9375,257777.0,S3,BF006
674,0.1119366930763781,58618.0,465053.0,S3,BF006
675,0.12694097287861725,67349.046875,463205.0,S3,BF006
676,0.11431518970525285,69699.0,540010.0,S3,BF006
677,0.11250007637418727,58690.3125,463001.0,S3,BF007
678,0.0971268536428111,48206.0,448114.0,S3,BF007
679,0.12570729452939786,25645.15625,178361.75,S3,BF007
680,0.14164405418733206,54862.0,332461.0,S3,BF007
681,0.10073545989788607,35297.0,315096.0,S3,BF007
682,0.09364584273473024,40595.625,392906.0,S3,BF007
683,0.15076253291274538,57831.0,325759.0,S3,BF008
684,0.11429091115521277,49325.5,382253.0,S3,BF009
685,0.12363205211489628,54430.0,385828.0,S3,BF009
686,0.1486925412763075,42365.5625,242555.0,S3,BF009
687,0.12799030021939686,74937.046875,510553.0,S3,BF009
688,0.1551556690710656,57457.84375,312866.0,S3,BF010
689,0.11642377211073232,68716.25,521509.0,S3,BF010
690,0.10255724001947568,67825.0,593513.0,S3,BF010
691,0.1037942867639862,59186.6875,511044.0,S3,BF010
692,0.10706745399711867,54921.0,458036.0,S3,BF011
693,0.1434908550290214,65438.0,390605.0,S3,BF011
694,0.09772675173736768,46734.875,431485.0,S3,BF011
695,0.09886268311737874,54920.0,500598.0,S3,BF011
696,0.10963389442006607,39495.5625,320754.0,S3,BF012
697,0.08766864753346305,32696.3125,340257.0,S3,BF012
698,0.0922614643042942,18186.171875,178929.40625,S3,BF012
699,0.09567226559340368,17852.8125,168751.03125,S3,BF012
700,0.08944629480385792,23515.375,239384.0,S3,BF013
701,0.0915473681603993,17099.0,169678.625,S3,BF013
702,0.1431511463650258,67079.5625,401513.0,S3,BF015
703,0.1600676716420406,60426.03125,317077.0,S3,BF016
704,0.14140092245487165,46258.375,280885.0,S3,BF017
705,0.0987847392018353,71918.171875,656111.0,S3,BF017
706,0.12282567413596658,42850.5,306022.0,S3,BF017
707,0.12239108344964635,40944.8125,293596.0,S3,BF017
708,0.09726333663680052,39637.375,367889.0,S3,BF018
709,0.1314674770890758,13951.0,92166.5,S3,BF019
710,0.08606088315222718,17835.1875,189404.0,S3,BF019
711,0.13871130551816954,42874.0,266214.0,S3,BF020
712,0.1439912051524167,57296.640625,340621.0,S3,BF020
713,0.11971628610075853,60372.640625,443925.0,S3,BF020
714,0.11481931984420014,46572.625,359044.0,S3,BF022
715,0.10470482348063226,34943.625,298791.0,S3,BF022
716,0.0835940282623342,38960.0,427102.0,S3,BF022
717,0.09683762467136836,58013.0,541062.0,S3,BF022
718,0.13534683830251704,53444.0,341423.0,S3,BF022
719,0.11000485993417118,65323.34375,528499.0,S3,BF022
720,0.1089151914409637,53914.0,441095.0,S3,BF022
721,0.19517884530328333,74081.375,305475.0,S3,BF023
722,0.169875092444666,51969.25,253957.0,S3,BF024
723,0.1343557844536795,46611.75,300316.0,S3,BF024
724,0.0909050872862264,29930.25,299317.0,S3,BF024
725,0.08976714823228422,18920.6875,191854.5,S3,BF024
726,0.1049053324360272,39594.0,337832.0,S3,BF024
727,0.1546463268352089,26389.1875,144253.0,S3,BF024
728,0.1162481832305919,23195.0,176335.0,S3,BF024
729,0.1262917116710105,41581.625,287669.0,S3,BF025
730,0.13320339123400407,10456.0,68040.5,S3,BF026
731,0.10791155710438018,56241.75,464942.0,S3,BF026
732,0.10092820049885666,40109.75,357299.0,S3,BF027
733,0.13378105003316626,50672.75,328101.0,S3,BF027
734,0.10970725000486853,74203.640625,602175.0,S3,BF027
735,0.09854302506353202,74395.9375,680563.0,S3,BF027
736,0.09739736399489632,61394.90625,568960.0,S3,BF027
737,0.1096625701304542,44090.0625,357962.0,S3,BF028
738,0.09913590972891936,61841.96875,561968.0,S3,BF028
739,0.11127799626896136,72236.0,576913.0,S3,BF028
740,0.08291884126402081,41268.5,456429.0,S3,BF028
741,0.19230205993994254,64078.390625,269139.0,S3,BF028
742,0.08381603654857911,44309.5625,484343.0,S3,BF030
743,0.1174939692212518,66094.0,496437.0,S3,BF030
744,0.10561656102270857,51962.5625,440030.0,S3,BF030
745,0.08689487398962895,22905.0,240689.375,S3,BF030
746,0.1080580069685918,34344.8125,283492.0,S3,BF031
747,0.08081629023073597,26750.296875,304251.0,S3,BF031
748,0.07567392463235721,20352.625,248599.0,S3,BF031
749,0.0793828412125573,11970.203125,138820.609375,S3,BF031
750,0.11475892537966464,30753.109375,237227.0,S3,BF031
751,0.13011725890588074,58368.0,390212.0,S3,BF032
752,0.2444262142677448,57020.3125,176262.0,S3,BF033
753,0.11086903119310708,48292.0,387285.0,S3,BF033
754,0.10803103306330454,61804.5,510295.0,S3,BF033
755,0.10061291609693007,64044.609375,572500.0,S3,BF034
756,0.1300942290166688,68668.03125,459165.0,S3,BF034
757,0.11965502147529845,69680.84375,512667.0,S3,BF034
758,0.14667337627070798,47801.0,278100.0,S3,BF034
759,0.13136894586504902,57025.9375,377064.0,S3,BF034
760,0.136905139125662,43408.59375,273662.0,S3,BF035
761,0.09437198728556002,42638.125,409171.0,S3,BF035
762,0.10004658793173474,50251.0,452025.0,S3,BF035
763,0.14276694884435506,58764.6875,352848.0,S3,BF035
764,0.0924867535714824,44497.25,436623.0,S3,BF036
765,0.16032446677660053,38166.8125,199893.0,S3,BF036
766,0.08976449563950542,30992.0,314267.0,S3,BF036
767,0.10284851376543908,62727.0,547170.0,S3,BF036
768,0.17179279643868878,71316.0,343812.0,S4,BF037
769,0.08540977457272386,62715.6875,671576.0,S4,BF037
770,0.12704017923886654,60331.0,414566.0,S4,BF039
771,0.32003582396736896,62043.625,131821.0,S4,BF042
772,0.09465441341120644,67950.25,649927.0,S4,BF042
773,0.1485185176068103,71646.4375,410761.0,S4,BF042
774,0.07672892033454973,50037.25,602093.0,S4,BF043
775,0.09430150416690496,37201.9375,357298.0,S4,BF044
776,0.09146563570902827,48035.109375,477136.0,S4,BF044
777,0.10135394740108912,51538.875,456965.0,S4,BF045
778,0.0992638120146588,50421.5,457533.0,S4,BF047
779,0.1123141742662625,50122.25,396146.0,S4,BF047
780,0.10294784847717084,52416.0,456735.0,S4,BF047
781,0.09751936237658984,47766.0625,442045.0,S4,BF050
782,0.10604816449053267,61974.375,522424.0,S4,BF050
783,0.10146006747813664,55249.75,489297.0,S4,BF051
784,0.08469468119806417,64419.03125,696184.0,S4,BF051
785,0.10511972313274988,58538.375,498335.0,S4,BF052
786,0.1796107688909613,54889.5,250713.0,S4,BF053
787,0.09828763290430888,48301.0,443124.0,S4,BF054
788,0.10077906541490594,48302.21875,430986.0,S4,BF055
789,0.09914174871935648,57423.0,521778.0,S4,BF055
790,0.15046062324848122,38377.8125,216691.0,S4,BF057
791,0.09834818783072724,41283.25,378483.0,S4,BF057
792,0.10456935420846654,30666.59375,262599.0,S4,BF060
793,0.07695577803065835,59692.5625,715981.0,S4,BF060
794,0.07927459907458251,38952.3125,452407.0,S4,BF061
795,0.0849395348902639,45285.375,487863.0,S4,BF066
796,0.13020754297578851,32766.6875,218883.0,S4,BF069
797,0.0790355783716316,38222.6875,445391.0,S4,BF069
798,0.0687661342314899,25062.46875,339397.0,S4,BF070
799,0.22567552758492435,60267.421875,206786.0,S4,BF073
800,0.08760340603090658,36111.0,376099.0,S4,BF073
801,0.08765383981204182,50967.125,530492.0,S4,BF074
802,0.0983278573826379,63469.9375,582023.0,S4,BF074
803,0.326269575819626,69232.375,142961.40625,S4,BF074
804,0.14130813690351235,59613.9375,362258.0,S4,BF074
805,0.0934722487744409,67533.875,654968.0,S4,BF075
806,0.10081088790700732,37543.765625,334874.0,S4,BF077
807,0.10858220480889597,40908.875,335846.0,S4,BF078
808,0.12165325384840972,38604.8125,278730.0,S4,BF078
809,0.08303591696261853,56699.0,626126.0,S4,BF078
810,0.09406891906670578,54190.0,521877.0,S4,BF079
811,0.19076291868856374,49578.40625,210317.0,S4,BF081
812,0.07620961442570466,53416.5,647499.0,S4,BF086
813,0.09794364108047234,43093.8125,396892.0,S4,BF087
814,0.0925778081015094,71779.0,703558.0,S4,BF087
815,0.08223595411237479,64125.5,715649.0,S4,BF088
816,0.07379277796323369,48079.5,603468.0,S4,BF091
817,0.13277815228791098,60246.875,393494.0,S4,BF092
818,0.09993107005307124,51828.5,466814.0,S4,BF092
819,0.14498535995353504,36320.5,214191.0,S4,BF096
820,0.08231805516299251,52168.625,581576.0,S4,BF096
821,0.07353119517797095,49946.625,629311.0,S4,BF104
822,0.08465976953236748,57042.25,616740.0,S4,BF105
823,0.15093360553251334,46429.875,261188.0,S4,BF105
824,0.08679549365977418,55888.4375,588021.0,S4,BF105
825,0.09803873683702903,39642.9375,364717.0,S4,BF105
826,0.08414989654524535,53409.75,581288.0,S4,BF108
827,0.07448582593332967,27254.3125,338645.0,S4,BF113
828,0.1183270620784112,45875.1875,341823.0,S4,BF114
829,0.10179404440140344,44436.625,392098.0,S4,BF114
830,0.1418109662336831,36555.375,221220.0,S4,BF114
831,0.08565636714761357,48423.75,516902.0,S4,BF114
832,0.0820143587639987,55082.4375,616537.0,S4,BF115
833,0.08665911236474959,60493.0,637564.0,S4,BF118
834,0.09843349646235904,55051.0,504220.0,S4,BF118
835,0.09197421874865687,53498.0,528165.0,S4,BF118
836,0.10644194579358034,37403.1875,313992.0,S4,BF118
837,0.33164879235314354,31393.8125,63266.0,S4,BF120
838,0.18924343689907455,38768.375,166091.4375,S4,BF120
839,0.127848475880438,42336.0,288806.0,S4,BF123
840,0.11444630603431592,41395.0,320303.0,S4,BF124
841,0.13761926497619004,31487.8125,197316.0,S4,BF124
842,0.10610159820630206,55414.0,466859.0,S4,BF124
843,0.11588171644029498,52155.0,397916.0,S4,BF124
844,0.09588158463478047,45945.125,433241.0,S4,BF125
845,0.09503548604047277,58527.5625,557322.0,S4,BF128
846,0.19119974146384952,34315.0,145157.0,S4,BF128
847,0.11257830312510234,53502.4375,421744.0,S4,BF130
848,0.10874932203942396,55039.5,451074.0,S4,BF130
849,0.12323175258619253,47607.4375,338717.0,S4,BF130
850,0.08934196133215598,71179.5,725529.0,S4,BF133
851,0.08562624736265888,38181.5625,407728.0,S4,BF133
852,0.10160304422089046,53502.9375,473085.0,S4,BF133
853,0.09574695628708807,32510.125,307032.0,S4,BF135
854,0.11150501922518677,39300.0625,313151.0,S4,BF135
855,0.08810750449512632,43642.125,451686.0,S4,BF135
856,0.10924205988845452,49050.75,399959.0,S4,BF135
857,0.15852745480454478,16144.8125,85697.5625,S5,BF137
858,0.11709896751447997,40455.0,305022.0,S5,BF137
859,0.1552808254734865,53243.0,289639.0,S5,BF137
860,0.1853703281980456,34620.0,152141.28125,S5,BF137
861,0.12142252566439435,34573.0,250160.0,S5,BF137
862,0.1161851368139394,18237.0,138728.0,S5,BF137
863,0.11927363760611467,29295.3125,216319.0,S5,BF138
864,0.09978031191708872,11774.1875,106226.921875,S5,BF138
865,0.11049481034472852,39659.8125,319269.375,S5,BF138
866,0.10514632804553443,35959.109375,306032.0,S5,BF138
867,0.10541134966502036,30387.75,257890.03125,S5,BF138
868,0.18751669207189875,51792.125,224407.953125,S5,BF139
869,0.12229109177559082,40336.5625,289504.0,S5,BF139
870,0.09427768695163206,26595.1875,255499.0,S5,BF139
871,0.2076770622337082,47573.0,181499.0,S5,BF139
872,0.13748124882805174,46924.0,294388.0,S5,BF139
873,0.1414159288618684,54941.75,333570.0,S5,BF139
874,0.09621766779109188,50269.125,472183.0,S5,BF140
875,0.11174456419860733,64976.0,516493.0,S5,BF140
876,0.1000792072024137,49656.0,446511.0,S5,BF140
877,0.09648700293297187,27080.6875,253586.0,S5,BF140
878,0.10946043487338562,45873.5,373214.0,S5,BF141
879,0.12502737789535096,38344.453125,268344.0,S5,BF141
880,0.12440831513737495,43031.25,302856.0,S5,BF141
881,0.09661048299855704,30971.109375,289606.0,S5,BF141
882,0.14844922366922805,43678.3125,250552.34375,S5,BF141
883,0.09749767416129818,54193.875,501654.0,S5,BF142
884,0.12376185452446414,49818.828125,352719.0,S5,BF143
885,0.10482958749642736,33846.71875,289027.0,S5,BF143
886,0.1055455059355568,56013.0,474687.0,S5,BF143
887,0.09604493840477844,35570.375,334781.0,S5,BF143
888,0.10845864659301192,54152.8125,445141.75,S5,BF143
889,0.08861714347735639,48988.0,503817.0,S5,BF144
890,0.10905643413593158,28091.828125,229498.0,S5,BF144
891,0.1268703849464949,31813.875,218945.0,S5,BF144
892,0.12933378354615446,54150.875,364540.0,S5,BF144
893,0.123084459743548,49857.9375,355213.0,S5,BF145
894,0.11875103420588427,48306.5625,358482.0,S5,BF145
895,0.09635844949218432,45979.0,431187.25,S5,BF145
896,0.13138463000179695,63610.0,420541.0,S5,BF145
897,0.11252427478506916,36457.0,287535.3125,S5,BF145
898,0.10353878552393092,18196.0,157544.90625,S5,BF146
899,0.10732969918104124,23027.0,191517.53125,S5,BF146
900,0.12544566604649413,33220.578125,231599.875,S5,BF146
901,0.09688245613045514,15029.0,140097.125,S5,BF146
902,0.10183756791168316,16028.0,141359.890625,S5,BF146
903,0.12167648314799108,46373.25,334746.0,S5,BF147
904,0.15703974601457854,65629.6875,352288.0,S5,BF147
905,0.13627742556213476,67755.421875,429432.0,S5,BF147
906,0.1742586706716496,74838.0,354627.0,S5,BF147
907,0.1691066324384674,38396.421875,188658.078125,S5,BF148
908,0.14968071734316515,53467.0,303740.0,S5,BF148
909,0.14873172955022435,62735.75,359069.0,S5,BF148
910,0.17762319104867447,50162.6875,232248.0,S5,BF148
911,0.2298978297032657,50469.3125,169060.0,S5,BF148
912,0.1643299503063724,36325.875,184728.625,S5,BF149
913,0.2397750937261091,61775.8125,195864.84375,S5,BF149
914,0.2594407821990121,60435.234375,172509.0,S5,BF149
915,0.17144255048667073,33584.3125,162308.203125,S5,BF150
916,0.1367409695770341,71935.53125,454136.0,S5,BF150
917,0.11836245973555075,41122.625,306307.0,S5,BF151
918,0.1291979187299762,33876.6875,228331.0,S5,BF151
919,0.22329277254868707,63199.0,219833.0,S5,BF151
920,0.12406207401888747,15153.5,106991.0,S5,BF152
921,0.15898119637972608,64747.0,342515.0,S5,BF153
922,0.16975438620915284,48774.0,238547.0,S5,BF155
923,0.14254279036922454,67823.0,407985.0,S5,BF155
924,0.1330599330322858,51978.0,338658.0,S5,BF155
925,0.13823234236046567,46124.625,287550.0,S5,BF155
926,0.16345304377344558,33840.8125,173196.09375,S5,BF155
927,0.13424962775915866,51015.4375,328988.875,S5,BF156
928,0.1329534650060352,49291.5,321451.0,S5,BF156
929,0.15245489406711946,64094.5625,356322.0,S5,BF156
930,0.13189976671804987,64506.125,424548.0,S6,BF000
931,0.13959415825992402,71585.8125,441228.0,S6,BF000
932,0.12569279526165433,66178.875,460334.0,S6,BF000
933,0.11537121858895732,45253.625,346990.0,S6,BF001
934,0.21969798575934354,67186.359375,238626.0,S6,BF002
935,0.11390825864301292,42399.4375,329825.0,S6,BF003
936,0.18580467564709668,64663.0,283353.0,S6,BF004
937,0.090222293814433,61611.0,621269.0,S6,BF004
938,0.12382426044654005,61313.078125,433849.0,S6,BF007
939,0.08855763389644536,67614.3125,695892.0,S6,BF007
940,0.10582097615930396,53153.625,449144.0,S6,BF008
941,0.1097184424952634,42831.625,347546.0,S6,BF010
942,0.10082636884725107,45196.8125,403067.0,S6,BF011
943,0.09874905234699093,67553.375,616538.0,S6,BF012
944,0.10672693145362756,55325.0,463054.0,S6,BF013
945,0.09382826409806938,28989.40625,279973.0,S6,BF013
946,0.11963976648273135,68680.1875,505378.0,S6,BF015
947,0.0900185089411685,48638.1875,491675.0,S6,BF015
948,0.11352642564682447,44626.5,348467.0,S6,BF016
949,0.22178780607333232,43701.0,153338.6875,S6,BF016
950,0.10936064261789727,44274.0,360570.0,S6,BF016
951,0.07805456986428297,60685.09375,716785.0,S6,BF017
952,0.12867803116521995,47063.25,318681.0,S6,BF018
953,0.09145593248055822,65162.890625,647343.0,S6,BF018
954,0.11331064065265467,69414.75,543191.0,S6,BF018
955,0.11068173727260684,55457.375,445595.25,S6,BF019
956,0.12397745442671572,35405.125,250172.0,S6,BF022
957,0.09253867319991876,37582.5,368545.0,S6,BF022
958,0.08543342578929164,52419.796875,561155.0,S6,BF022
959,0.14083370381455454,70523.375,430233.0,S6,BF022
960,0.1053498367288808,47572.6875,403996.0,S6,BF023
961,0.1157412245543942,59875.9375,457450.0,S6,BF023
962,0.18516737147873868,70115.8125,308546.0,S6,BF023
963,0.09724085422900752,37190.0625,345263.0,S6,BF023
964,0.2778576187075629,25363.9375,65920.0,S6,BF023
965,0.20844003668519245,42670.75,162044.0,S6,BF024
966,0.15411274803601258,67333.109375,369575.0,S6,BF025
967,0.14136716534116034,59373.75,360623.0,S6,BF026
968,0.15924327252026949,36016.25,190155.0,S6,BF026
969,0.10721646924270893,51267.0625,426897.0,S6,BF027
970,0.0940997383188662,50743.625,488510.0,S6,BF027
971,0.09036023220350932,58478.375,588691.0,S6,BF028
972,0.09951734396143827,60791.625,550073.0,S6,BF028
973,0.10288703749874874,48436.375,422336.0,S6,BF029
974,0.09904354014811637,62763.0,570928.0,S6,BF029
975,0.0893477347964803,56083.53125,571616.0,S6,BF030
976,0.09235329991901434,47909.625,470855.0,S6,BF030
977,0.16296059935251847,49028.0,251830.0,S6,BF031
978,0.07958262253093039,45942.1875,531347.0,S6,BF031
979,0.0698808569663997,39333.375,523530.0,S6,BF031
980,0.07866905058360729,47173.375,552470.0,S6,BF031
981,0.28548689506128344,62499.90625,156424.0,S6,BF032
982,0.10307207254571148,64697.0,562990.0,S6,BF032
983,0.06825454292048343,46401.375,633427.0,S6,BF032
984,0.09706885440700848,31026.453125,288607.0,S6,BF033
985,0.0940891557687482,40308.5,388099.0,S6,BF033
986,0.23581691861367945,74695.9375,242058.0,S6,BF033
987,0.08284890626217402,43597.0,482626.0,S6,BF033
988,0.10887807312290343,45245.90625,370319.0,S6,BF033
989,0.09502168130195042,67984.234375,647476.0,S6,BF033
990,0.07598836938626083,53862.0,654957.0,S6,BF033
991,0.1098668398973586,37482.5625,303681.0,S6,BF034
992,0.09910334734410492,29514.734375,268303.0,S6,BF034
993,0.08631973239770674,52772.0,558583.0,S6,BF034
994,0.08457438891536308,67619.0,731902.0,S6,BF034
995,0.10531303917956483,40539.578125,344404.0,S6,BF036
996,0.09713015954915892,34919.9375,324597.0,S6,BF036
997,0.15104402924141355,47449.5,266694.0,S6,BF036
998,0.10810013948052494,46975.875,387583.0,S6,BF036
999,0.10022755903626776,38726.25,347657.0,S6,BF036
1000,0.09045504963446674,58184.734375,585060.0,S6,BF036
1001,0.32394402290336144,50564.625,105526.0,S6,BF038
1002,0.0936538888544422,52960.0625,512527.0,S6,BF038
1003,0.08534555685968613,52273.328125,560217.0,S6,BF039
1004,0.08994161891450594,44877.296875,454083.0,S6,BF039
1005,0.08684832309882365,41425.0,435556.0,S6,BF040
1006,0.08523541508278823,47033.265625,504771.0,S6,BF040
1007,0.08675642014115413,58512.0,615928.0,S6,BF040
1008,0.12394443125731727,34691.0625,245201.0,S6,BF040
1009,0.10295893811081087,31929.8125,278192.0,S6,BF041
1010,0.12393235685135764,43492.9375,307448.0,S6,BF041
1011,0.08182078363960002,50637.625,568247.0,S6,BF041
1012,0.12170960133695392,65736.375,474372.0,S6,BF041
1013,0.10097986110014112,37155.9375,330798.0,S6,BF042
1014,0.08361517803677099,29977.6875,328542.0,S6,BF042
1015,0.09349353720581884,36396.625,352899.0,S6,BF044
1016,0.07789021333489843,54412.0,644161.0,S6,BF044
1017,0.18306135038133686,65287.0,291353.0,S6,BF044
1018,0.08805070284224494,58461.0,605486.0,S6,BF045
1019,0.09211459704024644,36147.875,356275.0,S6,BF046
1020,0.0814070829898638,44489.5,502017.0,S6,BF046
1021,0.10151266844154874,39995.3125,353998.0,S6,BF046
1022,0.3204859655090932,60735.90625,128776.0,S6,BF046
1023,0.08796902296932774,42574.5,441397.0,S6,BF046
1024,0.0859243847882157,21809.828125,232016.0,S6,BF046
1025,0.18082120206551164,36597.375,165798.0,S6,BF047
1026,0.27894027690911977,49310.3125,127467.0,S6,BF047
1027,0.09100808826343712,36855.5,368114.0,S6,BF047
1028,0.13398404588568702,40780.0625,263585.0,S6,BF047
1029,0.09495070563645154,25825.5,246163.0,S6,BF047
1030,0.10305015391693274,41018.4375,357025.0,S6,BF047
1031,0.09493716741677463,54297.5625,517634.0,S6,BF048
1032,0.09998413240238653,34892.625,314089.0,S6,BF049
1033,0.0929179000141181,38995.25,380679.0,S6,BF049
1034,0.1742889899173505,42908.25,203282.0,S6,BF049
1035,0.10019004231738586,41213.75,370142.0,S6,BF049
1036,0.10185113488798367,40118.5,353775.0,S6,BF049
1037,0.07591581592265932,39949.6875,486287.0,S6,BF049
1038,0.07978889643311374,37178.125,428778.0,S6,BF049
1039,0.07942518203821311,37783.125,437924.0,S6,BF049
1040,0.177165453560545,28555.9375,132626.375,S6,BF049
1041,0.08484360006131292,31619.375,341059.0,S6,BF050
1042,0.09475388344268287,40892.4375,390672.328125,S6,BF050
1043,0.16388431887203594,25096.3125,128038.0,S6,BF050
1044,0.15550502961134952,44002.9375,238965.0,S6,BF050
1045,0.09047204889846484,39740.03125,399512.0,S6,BF051
1046,0.09829180611337136,47123.5,432301.0,S6,BF051
1047,0.1565280612339045,42413.0,228548.0,S6,BF051
1048,0.1337893801760756,44495.3125,288082.0,S6,BF051
1049,0.09897182133708103,40146.921875,365493.0,S6,BF052
1050,0.10441627650912257,47279.1875,405516.0,S6,BF052
1051,0.08890859745342634,60515.40625,620132.0,S6,BF052
1052,0.08340875758706423,67734.0,744339.0,S6,BF052
1053,0.08904694811418233,22265.328125,227775.0,S6,BF053
1054,0.10675933192999104,61090.640625,511137.0,S6,BF054
1055,0.09448329982476228,38569.34375,369644.0,S6,BF055
1056,0.09091801510008166,67060.140625,670529.0,S6,BF055
1057,0.12954245187674118,44221.0,297142.0,S6,BF056
1058,0.08454115258430997,45631.1875,494120.0,S6,BF057
1059,0.10047310189087616,38135.1875,341421.0,S6,BF057
1060,0.10250785843166607,46553.9375,407596.0,S6,BF058
1061,0.08722054969499869,54148.0,566669.0,S6,BF058
1062,0.1184315462452737,47594.5,354279.0,S6,BF058
1063,0.07467032976463528,32628.75,404342.0,S6,BF059
